{
	"easycom": {
		// "^u-(.*)": "uview-ui/components/u-$1/u-$1.vue",
		"^u-(.*)": "@/uview-ui/components/u-$1/u-$1.vue"
	},
	"pages": [
		{
			"path": "pages/home/home",
			"style": {
				"navigationBarTitleText": "home",
				"navigationStyle": "custom",
				"app-plus": {
					"titleNView": false
				}
			}
		},
		{
			"path": "pages/map/map",
			"style": {
				"navigationBarTitleText": "map",

				"app-plus": {
					"titleNView": false
				}
			}
		},
		{
			"path": "pages/my/my",
			"style": {
				"app-plus":{
					"titleNView":false
				}
			}

		},
		{
			"path":"pages/detail/detail",
			"style": {
				"navigationBarTitleText": "detail"
			}
		
		},
		{
			"path":"pages/comment/comment",
			"style": {
				"navigationBarTitleText": "shopping",
				"app-plus":{
					"titleNView":false
				}
			}
		
		},
		{
			"path":"pages/search/search",
			"style": {
				//小程序 去顶
				"navigationStyle":"custom",
				// h5  去顶
				"app-plus":{
					"titleNView":false
				}
			}
		
		},
		{
			"path":"pages/login/login",
			"style": {
				//小程序 去顶
				"navigationStyle":"custom",
				// h5  去顶
				"app-plus":{
					"titleNView":false
				}
			}
		
		},
		{
			"path":"pages/my/proile/data/data",
			"style": {
				
			}
		
		},
		{
			"path":"pages/my/proile/address/address",
			"style": {
				
			}
		
		},
		{
			"path":"pages/my/proile/collection/collection",
			"style": {
				
			}
		
		},
		{
			"path":"pages/my/proile/order/order",
			"style": {
				
			}
		
		},
		{
			"path":"pages/proil/mys/mys",
			"style": {
				
			}
		
		}
	],
	"globalStyle": {
		"navigationBarTextStyle": "black",
		"navigationBarTitleText": "uni-app",
		"navigationBarBackgroundColor": "#F8F8F8",
		"backgroundColor": "#F8F8F8",
		"app-plus": {
			"background": "#efeff4"
		}
	},
	"tabBar": {
		"color": "#646566",
		"selectedColor": "#0c34ba",
		"list": [{
				"text": "首页",
				"pagePath": "pages/home/home",
				"iconPath": "static/images/home.png",
				"selectedIconPath": "static/images/home_active.png"

			},
			{
				"text": "地图",
				"pagePath": "pages/map/map",
				"iconPath": "static/images/map.png",
				"selectedIconPath": "static/images/map_active.png"

			},
			{
				"text": "评论",
				"pagePath": "pages/comment/comment",
				"iconPath": "static/images/comment.png",
				"selectedIconPath": "static/images/comment_active.png"

			},
			{
				"text": "我的",
				"pagePath": "pages/my/my",
				"iconPath": "static/images/my.png",
				"selectedIconPath": "static/images/my_active.png"

			}
		]
	}
}
